id,first_name,last_name,email,gender,ip_address
1,Emalia,Foy,efoy0@disqus.com,Female,51.230.6.176
2,Lauretta,Trumble,ltrumble1@pagesperso-orange.fr,Female,27.209.166.119
3,Camilla,Bardill,cbardill2@arstechnica.com,Female,138.157.159.77
4,Vonnie,Bunstone,vbunstone3@devhub.com,Female,170.218.138.180
5,Heddie,Basillon,hbasillon4@engadget.com,Female,27.167.53.210
6,Ingar,Darling,idarling5@bravesites.com,Male,114.65.79.234
7,Spencer,Daniels,sdaniels6@archive.org,Male,127.246.6.56
8,Abbot,Harkes,aharkes7@businesswire.com,Male,231.163.31.83
9,Johnnie,Oxlee,joxlee8@cam.ac.uk,Male,21.67.233.182
10,Demott,Klein,dklein9@miibeian.gov.cn,Male,213.89.11.5
11,Sonja,M'cowis,smcowisa@gizmodo.com,Female,66.82.185.170
12,Pamelina,Tirrey,ptirreyb@360.cn,Female,52.254.12.187
13,Barron,Polino,bpolinoc@nydailynews.com,Male,34.125.9.15
14,Noll,Treagus,ntreagusd@epa.gov,Male,158.48.193.195
15,Cody,Peace,cpeacee@51.la,Male,101.157.28.170
16,Napoleon,Ferenczi,nferenczif@princeton.edu,Male,90.220.127.73
17,Bernete,Dodamead,bdodameadg@digg.com,Female,96.94.218.233
18,Felicity,Dedmam,fdedmamh@mit.edu,Female,186.136.12.62
19,Stafani,Munday,smundayi@xinhuanet.com,Female,10.249.85.6
20,Micki,Liddel,mliddelj@naver.com,Female,223.178.174.198
21,Burnard,Westhoff,bwesthoffk@spotify.com,Male,56.125.251.171
22,Florie,Gianolo,fgianolol@marketwatch.com,Female,8.161.148.66
23,Adolf,Faint,afaintm@sakura.ne.jp,Male,198.248.127.98
24,Myron,Kydde,mkydden@weibo.com,Male,253.195.88.43
25,Corrina,Janovsky,cjanovskyo@linkedin.com,Female,108.136.22.97
26,Lyon,Alchin,lalchinp@hc360.com,Male,103.47.150.9
27,Sergent,Looks,slooksq@paginegialle.it,Male,3.54.36.176
28,Duffy,Delcastel,ddelcastelr@amazon.co.uk,Male,215.65.229.74
29,Kingsley,Hinchshaw,khinchshaws@over-blog.com,Male,59.204.188.178
30,Minnnie,Gobbet,mgobbett@friendfeed.com,Female,45.136.26.211
31,Arron,Ilsley,ailsleyu@miitbeian.gov.cn,Male,142.181.41.63
32,Fiona,Menzies,fmenziesv@hexun.com,Female,48.98.13.86
33,Lockwood,Heigl,lheiglw@123-reg.co.uk,Male,200.240.92.138
34,Cahra,Vedyasov,cvedyasovx@oakley.com,Genderqueer,87.168.183.11
35,Roxine,Keys,rkeysy@squarespace.com,Female,1.200.242.74
36,Sheelah,Craik,scraikz@theguardian.com,Female,72.44.60.61
37,Zebadiah,Tabourier,ztabourier10@constantcontact.com,Male,235.144.172.228
38,Libbie,Moralee,lmoralee11@sfgate.com,Female,192.168.205.207
39,Harrie,Micah,hmicah12@toplist.cz,Female,52.166.162.13
40,Hurleigh,Collison,hcollison13@github.io,Male,240.244.145.193
41,Agretha,Matveichev,amatveichev14@home.pl,Female,15.48.209.110
42,Caddric,Pfeifer,cpfeifer15@wsj.com,Male,236.174.167.28
43,Curr,Szapiro,cszapiro16@tripadvisor.com,Bigender,121.226.77.17
44,Angel,Smewin,asmewin17@mashable.com,Male,206.242.229.138
45,Elisha,Matokhnin,ematokhnin18@seattletimes.com,Male,58.219.26.89
46,Marjy,Esplin,mesplin19@reddit.com,Polygender,58.124.26.111
47,Gisele,McConnel,gmcconnel1a@addthis.com,Female,19.185.205.130
48,Linda,Sedcole,lsedcole1b@de.vu,Female,121.27.66.43
49,Panchito,Moylane,pmoylane1c@state.gov,Non-binary,233.216.65.235
50,Isacco,Jennery,ijennery1d@cisco.com,Male,106.240.100.197
51,Gayelord,Brinson,gbrinson1e@newsvine.com,Male,71.139.114.253
52,Margaux,Philpault,mphilpault1f@illinois.edu,Female,61.79.194.237
53,Sande,Johnys,sjohnys1g@uol.com.br,Female,246.219.43.79
54,Merwin,Knoble,mknoble1h@w3.org,Male,159.13.69.116
55,Filide,Capehorn,fcapehorn1i@g.co,Bigender,126.197.133.92
56,Tuckie,Alsina,talsina1j@latimes.com,Male,79.240.42.5
57,Helga,Birks,hbirks1k@shop-pro.jp,Female,97.206.146.170
58,Cassey,Stallebrass,cstallebrass1l@nymag.com,Female,94.199.117.232
59,Valentijn,Hansman,vhansman1m@admin.ch,Male,171.126.243.126
60,Elena,Spurling,espurling1n@digg.com,Female,28.225.219.191
61,Dorelia,Billows,dbillows1o@bing.com,Female,26.110.7.149
62,Freida,Wildash,fwildash1p@devhub.com,Female,92.30.144.51
63,Ainslie,Rockey,arockey1q@bloglines.com,Polygender,136.88.233.129
64,Shannen,McNeely,smcneely1r@upenn.edu,Female,125.20.99.50
65,Hermy,Cejka,hcejka1s@shutterfly.com,Male,250.35.217.90
66,Mallissa,Bushen,mbushen1t@apache.org,Female,189.243.196.11
67,Eugenie,Balasin,ebalasin1u@elpais.com,Female,22.138.176.36
68,Andre,Welch,awelch1v@google.co.uk,Male,4.224.127.73
69,Torrin,Sinnatt,tsinnatt1w@domainmarket.com,Male,25.69.78.52
70,Nataniel,Kaemena,nkaemena1x@latimes.com,Male,216.253.86.5
71,Junia,Challener,jchallener1y@1688.com,Non-binary,105.93.1.196
72,Vicky,Rockcliffe,vrockcliffe1z@gizmodo.com,Female,47.200.227.79
73,Elliott,Broke,ebroke20@over-blog.com,Male,60.67.160.80
74,Janis,Mohammad,jmohammad21@facebook.com,Female,81.35.142.153
75,Tiffanie,Kirkbright,tkirkbright22@w3.org,Female,137.226.138.163
76,Dollie,McInnes,dmcinnes23@techcrunch.com,Female,63.59.225.255
77,Carolee,Alenin,calenin24@dell.com,Female,187.114.72.114
78,Brittany,Lampert,blampert25@netvibes.com,Female,45.27.161.33
79,Marthena,Wheaton,mwheaton26@slideshare.net,Female,108.207.101.58
80,Meta,Bendig,mbendig27@posterous.com,Female,23.74.125.15
81,Adelheid,Leat,aleat28@tumblr.com,Female,48.237.86.193
82,Gretchen,Marioneau,gmarioneau29@sitemeter.com,Female,120.105.131.98
83,Friedrick,Gosnold,fgosnold2a@typepad.com,Male,209.22.75.7
84,Imogene,Cluet,icluet2b@tinyurl.com,Female,18.98.224.140
85,Travus,Elsop,telsop2c@bluehost.com,Male,194.105.24.213
86,Matthew,Boodle,mboodle2d@usda.gov,Male,47.74.203.166
87,Aleda,Domange,adomange2e@eventbrite.com,Agender,163.97.47.17
88,Fayth,Mundy,fmundy2f@dmoz.org,Genderqueer,133.231.81.30
89,Wood,Gyer,wgyer2g@phoca.cz,Polygender,225.34.60.108
90,Dell,Buckthorpe,dbuckthorpe2h@google.ru,Male,137.93.231.120
91,Gawain,Ivers,givers2i@economist.com,Male,175.30.111.236
92,Roxana,Sanger,rsanger2j@shutterfly.com,Agender,174.67.187.173
93,Kory,Cello,kcello2k@e-recht24.de,Male,151.33.198.34
94,Aldo,Radage,aradage2l@dell.com,Male,40.147.153.84
95,Jase,Deeth,jdeeth2m@prnewswire.com,Male,70.30.217.106
96,Jacquenetta,Kendred,jkendred2n@etsy.com,Female,93.86.114.160
97,Gillie,Briscam,gbriscam2o@mac.com,Female,66.139.199.218
98,Michel,Wetherell,mwetherell2p@usnews.com,Female,66.94.55.43
99,Lisabeth,Marvin,lmarvin2q@princeton.edu,Agender,1.121.29.145
100,Ignace,Cleator,icleator2r@hc360.com,Male,216.176.102.183
